17,linkedin.com
25,googletagmanager.com
76,qq.com
103,baidu.com
135,googleadservices.com
195,xiaomi.com
204,shifen.com
209,miui.com
244,aliyuncs.com
264,dns.cn
292,weibo.com
320,cdngslb.com
351,mi.com
360,nease.net
377,sohu.com
382,aliexpress.com
396,taobao.com
400,goodreads.com
401,alicdn.com
418,chinamobile.com
428,bilibili.com
439,kwai.net
475,alibaba.com
501,dnspod.net
519,163.com
523,sina.com.cn
526,huawei.com
534,mob.com
538,netease.com
604,aliyun.com
711,youku.com
712,xiaomi.net
761,google.cn
806,miwifi.com
816,360.cn
857,ys7.com
861,genius.com
865,recaptcha.net
942,rayjump.com
948,ubnt.com
1001,agora.io
1014,tbcache.com
1033,360safe.com
1075,alidns.com
1081,166.com
1096,vivo.com
1169,alipaydns.com
1250,zhihu.com
1283,mgslb.com
1312,bilibili.tv
1335,baishan-cloud.net
1389,xinhuanet.com
1440,jd.com
1671,kunluncan.com
1800,vivo.com.cn
1802,tencent.com
1827,amazonaws.com.cn
1922,alikunlun.com
1925,myhostadmin.net
1971,amap.com
1997,people.com.cn
2004,umeng.com
2037,kunlunsl.com
2066,so.com
2105,heytapmobi.com
2130,meituan.com
2148,alipay.com
2160,oppomobile.com
2239,qcloud.com
2295,trpcdn.net
2313,izatcloud.net
2320,gtm-a2b2.com
2325,leiniao.com
2400,gameanalytics.com
2463,qianxun.com
2482,sogou.com
2486,1688.com
2491,chinadaily.com.cn
2537,uc.cn
2545,tmall.com
2623,kwimgs.com
2639,iqiyi.com
2648,amemv.com
2672,inmobicdn.net
2679,hihonorcloud.com
2722,csdn.net
2731,lenovomm.com
2733,douban.com
2824,alibabacorp.com
2863,kuaishou.com
2885,piojm.tech
2954,weibo.cn
2967,google.ie
2986,cctv.com
3001,xiaohongshu.com
3017,tenda.com.cn
3044,toutiao.com
3055,meitu.com
3066,anker-in.com
3159,coloros.com
3161,google.co.nz
3169,gifshow.com
3195,qpic.cn
3253,qiniudns.com
3255,alikunlun.net
3296,wps.cn
3307,meizu.com
3334,163img.com
3365,bytedance.com
3390,pku.edu.cn
3437,oray.com
3448,ixigua.com
3495,jpush.cn
3516,lilithgame.com
3528,secu100.net
3542,googleoptimize.com
3572,sinaimg.cn
3599,news.cn
3622,ucloud.cn
3706,zuimeitianqi.com
3800,51.la
4028,douyin.com
4102,iq.com
4163,meituan.net
4176,sjtu.edu.cn
4189,realme.com
4211,snssdk.com
4288,icloud.com.cn
4296,made-in-china.com
4299,etoote.com
4306,sina.cn
4436,allawntech.com
4486,lahuashanbx.com
4508,av380.net
4524,heytapdownload.com
4539,oppo.com
4548,ksmobile.com
4561,chinaz.com
4572,xiaoyi.com
4581,rjxzjx.com
4583,youdao.com
4600,china.com.cn
4647,hismarttv.com
4681,pinduoduo.com
4723,4.cn
4733,bdstatic.com
4742,weathercn.com
4780,mintegral.com
4792,eastmoney.com
4793,kunlungr.com
4800,getui.com
4816,alibabausercontent.com
4880,ximalaya.com
4948,17track.net
5011,dnspod.com
5063,xxpkg.com
5065,chinanews.com
5074,cgtn.com
5139,126.net
5148,bsclink.cn
5154,hexun.com
5222,xhscdn.com
5254,cnblogs.com
5271,tongdun.net
5294,zyxel.com
5300,theintercept.com
5384,cnki.net
5504,cvte.com
5539,ctrip.com
5560,kunlunso.com
5587,dianping.com
5640,163jiasu.com
5655,mgtv.com
5676,duapps.com
5682,bsgslb.cn
5717,weibocdn.com
5752,gitee.com
5763,geetest.com
5796,gitv.tv
5866,xd.com
5924,3322.net
5956,west.cn
5985,alibaba-inc.com
5991,kugou.com
6057,huya.com
6064,cntv.cn
6186,360.com
6389,people.cn
6516,huaweicloud.com
6523,bsgslb.com
6535,gmw.cn
6541,ksapisrv.com
6583,razersynapse.com
6586,oray.net
6595,qunar.com
6603,oupeng.com
6666,tantanapp.com
6689,dnsv5.com
6792,midea.com.cn
6793,dingtalk.com
6823,cmbchina.com
6882,avlyun.com
6921,yy.com
6966,xunlei.com
6986,baidu.hk
6989,huanqiu.com
6994,icoremail.net
7011,solocdn.cn
7089,faloo.com
7126,lzptt.gx.cn
7147,cri.cn
7167,exhera.com
7249,globaltimes.cn
7269,hentaiera.com
7298,azure.cn
7499,mihoyo.com
7726,feishu.cn
7754,icbc.com.cn
7834,cnzz.com
8011,yealink.com
8091,jianshu.com
8098,dns.com.cn
8141,yuanshen.com
8161,sandai.net
8193,fudan.edu.cn
8256,chsi.com.cn
8332,10086.cn
8517,zol.com.cn
8543,quark.cn
8621,yangkeduo.com
8681,wetest.net
8790,21cn.com
8818,wpscdn.cn
8891,cnmsn.net
8914,bdimg.com
8937,tanx.com
9022,tudou.com
9034,intsig.net
9087,amazon.cn
9092,sm.cn
9101,connectedpdf.com
9168,kdocs.cn
9261,autohome.com.cn
9542,189.cn
9615,dreame.tech
9708,ksyun.com
9727,huan.tv
9828,ce.cn
9866,babybus.com
9966,kugou.net
10069,hao123.com
10095,freeip.com
10101,unity.cn
10173,kunlunea.com
10227,china-channel.com
10245,duba.net
10247,thepaper.cn
10321,kunlunar.com
10341,51job.com
10376,oneplus.com
10377,camscanner.com
10403,alipayobjects.com
10486,tcl.com
10554,pconline.com.cn
10577,anticheatexpert.com
10686,alibabachengdun.com
10696,startcomca.net
10712,cibntv.net
10730,cas.cn
10736,cnr.cn
10763,tuya.com
10784,xdrig.com
10822,anlian.co
10842,ccb.com
10933,fengkongcloud.com
10961,10jqka.com.cn
11023,china.org.cn
11051,auteltech.net
11099,microsoftonline.cn
11112,qidian.com
11187,ustc.edu.cn
11193,gdtimg.com
11220,sh.gov.cn
11235,cmpassport.com
11240,samsung.com.cn
11252,meitudata.com
11310,badambiz.com
11341,sunmi.com
11432,duoyi.com
11448,wondershare.cc
11465,autonavi.com
11470,baike.com
11524,shuzilm.cn
11532,bscedge.com
11568,cloudlinks.cn
11585,coolkit.cc
11636,soso.com
11695,aicdn.com
11697,qunaer.com
11762,roborock.com
11768,22.cn
11787,zhaopin.com
11806,douyu.com
11807,nearme.com.cn
11809,kspkg.com
11864,jpush.io
11872,oskwai.com
11896,qpyou.cn
11899,xuexi.cn
11916,itc.cn
11919,netease.im
11931,wicp.net
11978,sfn.cn
11987,hupu.com
12008,dedecms.com
12012,aqara.com
12018,58.com
12039,myoppo.com
12088,ottcn.com
12101,eastday.com
12106,eyoucms.com
12139,cvtapi.com
12170,onethingpcs.com
12205,url.cn
12256,cdn-go.cn
12320,gamersky.com
12325,ipip.net
12327,qxwz.com
12344,meitustat.com
12360,cnnic.cn
12508,kuaishouzt.com
12519,baicdnx.com
12540,miaozhen.com
12546,ldmnq.com
12606,cmcm.com
12645,t.cn
12648,komect.com
12659,jdcloud.com
12668,dolfindns.net
12682,easytomessage.com
12684,uodoo.com
12724,300624.com
12767,msndvr.com
12770,bytecdn.cn
12852,mediav.com
12860,cedock.com
12864,xycdn.com
12902,iqiyipic.com
12918,doh.pub
12942,sankuai.com
13002,faipod.com
13082,360totalsecurity.com
13144,kunlunaq.com
13212,beijing.gov.cn
13220,hikvision.com
13221,dangdang.com
13442,omitech.site
13549,suning.com
13717,zego.im
13780,ip138.com
13841,kunlunhuf.com
13901,kingsoft-office-service.com
13910,yidianzixun.com
14065,weather.com.cn
14168,gepush.com
14171,53kf.com
14203,17173.com
14288,laobanmail.net
14299,renren.com
14324,gtm-a2b4.com
14403,2345.com
14461,youzan.com
14470,most.gov.cn
14485,goodwe-power.com
14626,coolccloud.com
14639,maff.com
14641,sinacloud.com
14642,zblogcn.com
14733,youth.cn
14778,malaysiaairlines.com
14806,whu.edu.cn
14825,126.com
14839,peiluyou.com
14856,12371.cn
14971,kunlunle.com
15033,mydrivers.com
15065,alivecdn.com
15073,letv.com
15206,kwaixiaodian.com
15220,thinkingdata.cn
15303,immomo.com
15373,tclclouds.com
15382,rubyfish.cn
15383,720yun.com
15452,biligame.com
15457,mogujie.com
15463,jrj.com.cn
15550,eqxiu.com
15551,dmdown.com
15610,starbucks.com.cn
15612,aliyundrive.com
15628,conac.cn
15654,growatt.com
15693,tianqi.com
15701,fang.com
15702,mikecrm.com
15800,12306.cn
15999,36kr.com
16028,chaoxing.com
16105,qiniu.com
16179,downza.cn
16212,smzdm.com
16215,jiguang.cn
16216,baishancdnx.net
16370,xmeye.net
16441,im30app.com
16455,online.sh.cn
16524,bjx.com.cn
16545,customs.gov.cn
16560,linkedin.cn
16577,southcn.com
16585,adups.com
16595,xueqiu.com
16686,ecer.com
16699,360kuai.com
16793,qcloudcdn.com
16801,weiyun.com
16806,kunlunno.com
16851,bankcomm.com
16853,dzwww.com
16943,clouddn.com
17009,oschina.net
17038,yupoo.com
17045,bt.cn
17102,soufun.com
17153,51cto.com
17156,dcloud.net.cn
17170,huaweicloudwaf.com
17221,cncnet.net
17299,scu.edu.cn
17339,127.net
17493,wjx.cn
17529,kuwo.cn
17723,zte.com.cn
17748,dewu.com
17809,haosou.com
17871,soulapp.cn
17892,petalsearch.com
17918,39.net
18005,runoob.com
18050,yeahtargeter.com
18094,115.com
18193,xtracloud.cn
18222,hpplay.cn
18224,sdu.edu.cn
18311,metafilter.com
18338,yinxiang.com
18369,zoosnet.net
18403,hiido.com
18420,xmcsrv.net
18445,bambulab.com
18521,huawei.com.cn
18611,wenming.cn
18631,qhmoka.com
18681,vip.com
18818,10010.com
18841,cainiao.com
18995,zhipin.com
19012,ugdtimg.com
19033,bjedu.com.cn
19059,ksosoft.com
19068,npc.gov.cn
19071,xiaoeknow.com
19101,c-ctrip.com
19129,gtm-a1b5.com
19156,smartcloudcon.com
19268,baidubce.com
19305,cootekservice.com
19348,crealitycloud.com
19413,dns.edu.cn
19504,dns2.edu.cn
19510,ziniao.com
19540,haier.com
19710,yesky.com
19894,upyun.com
19922,weidian.com
19945,tplinkcloud.com.cn
19962,300.cn
20007,tingyun.com
20014,dnspod.cn
20105,pptv.com
20153,cyol.com
20161,mangatoon.mobi
20237,foxitcloud.com
20256,xiaojukeji.com
20346,larkoffice.com
20400,tesla.cn
20571,jinshuju.net
20627,pingan.com
20665,safedog.cn
20675,meiqia.com
20731,startssl.com
20774,gvt1-cn.com
20811,it168.com
20854,rj.link
21001,sangfor.com.cn
21037,juejin.cn
21040,dm5.com
21143,ifeng.com
21226,myapp.com
21228,alipay.com.cn
21251,uwn.com
21284,wtzw.com
21292,g9hc4.cn
21383,h3c.com
21462,huion.cn
21470,hunan.gov.cn
21492,segmentfault.com
21548,mee.gov.cn
21579,cac.gov.cn
21680,ecouser.net
21714,easemob.com
21734,salesmartly.com
21819,ithome.com
22003,kunlunca.com
22064,zjol.com.cn
22075,qianlong.com
22078,everdns.com
22232,kuaidi100.com
22261,iqilu.com
22331,zui.com
22360,kunlunpi.com
22450,cloudcsp.com
22487,lofter.com
22502,googleapis-cn.com
22647,evtrust.com
22716,ulikecam.com
22720,tange365.com
22801,qy.net
22832,kuaishou.cn
22847,ele.me
22888,alimama.com
22964,eol.cn
22976,xmsecu.com
23002,aicdn5.com
23020,byd.com
23120,xunyou.mobi
23242,yuque.com
23274,zuoyebang.com
23306,gpsonextra.net
23374,liepin.com
23446,saaswaf.com
23456,cnolnic.net
23599,gtm-a4b7.com
23610,skysrt.com
23655,cq.gov.cn
23656,my7v.com
23667,duowan.com
23693,qiniup.com
23709,kwaizt.com
23716,wxcha.com
23721,114dns.com
23740,shanghai.gov.cn
23767,id6.me
23772,72dns.com
23805,ecoflow.com
23825,zhhainiao.com
23828,3dmgame.com
23829,shu.ac.uk
23849,broadlink.com.cn
23919,caixin.com
23936,httpdns.pro
23949,insta360.com
23963,dismall.com
23980,csair.com
24011,baidustatic.com
24050,knet.cn
24056,jjwxc.net
24062,doubleclick-cn.net
24138,neu.edu.cn
24174,qwps.cn
24197,ludashi.com
24246,zcool.com.cn
24249,cloudseetech.com
24286,qihoo.net
24351,szbboys.com
24352,56.com
24401,growingio.com
24458,3g.cn
24462,sz.gov.cn
24474,kajicam.com
24505,openinstall.io
24581,ctyun.cn
24625,toponad.com
24640,huaban.com
24651,wanfangdata.com.cn
24667,msstatic.com
24679,microvirt.com
24704,hubei.gov.cn
24714,cdreader.com
24721,discoverhongkong.com
24813,iwhop.com
24832,360doc.com
24847,cmecloud.cn
24848,qstheory.cn
24880,sengled.com
24881,bootcss.com
24910,pddcdn.com
24932,finzfin.com
24971,hupo.com
25030,fxltsbl.com
25183,xinmin.cn
25216,leetcode.cn
25277,xcar.com.cn
25278,thinkphp.cn
25361,aisee.tv
25377,lxcvc.com
25418,stardustgod.com
25458,vzuu.com
25473,hellotalk8.com
25477,cncdn.com
25533,tianyancha.com
25541,csdnimg.cn
25566,wcsapi.com
25575,b2b.biz
25620,docer.com
25624,bsccdn.net
25698,uczzd.cn
25757,wasu.tv
25770,autoimg.cn
25810,baidupcs.com
25831,4399.com
25834,cnstock.com
25869,hainan.gov.cn
25881,baishancdnx.com
25884,go2yd.com
25921,facecast.xyz
25943,ofweek.com
26023,myalicdn.com
26060,qianxin.com
26095,ndcimgs.com
26113,duxiaoman.com
26131,kunlungem.com
26132,neea.edu.cn
26143,cnipa.gov.cn
26201,atianqi.com
26205,nsfc.gov.cn
26228,info10.com
26300,mafengwo.cn
26375,ykimg.com
26415,ztgame.com
26604,dspunion.com
26703,decentraland.org
26704,xmu.edu.cn
26709,neixin.cn
26740,pcauto.com.cn
26743,ruc.edu.cn
26764,azhituo.com
26788,focus.cn
26810,skyts.net
26819,360os.com
26854,logitech.com.cn
26885,sungrowpower.com
26893,foxconn.com
26917,gwm.com.cn
27110,diymysite.com
27123,shafa.com
27148,didistatic.com
27165,teddymobile.cn
27209,ialicdn.com
27214,sogoucdn.com
27268,le.com
27279,q1.com
27289,rednet.cn
27292,xiaomiyoupin.com
27303,shimo.im
27318,jovetech.com
27333,botslab.com
27337,shopee.cn
27345,gstatic.cn
27389,ali213.net
27398,yilanvaas.com
27411,yicai.com
27413,csu.edu.cn
27565,waxrain.com
27569,178.com
27714,seetong.com
27730,youme.im
27733,mifile.cn
27783,ac-link.com
27944,jiemian.com
28021,bom2buy.com
28033,dailygn.com
28034,appicad.net
28052,cf-ns.com
28069,airwallex.com
28071,funshion.com
28083,ganji.com
28088,sysu.edu.cn
28139,fujian.gov.cn
28221,miguvideo.com
28227,ems.com.cn
28258,cnolnic.com
28284,sznews.com
28345,aliprice.com
28388,fxxz.com
28397,appmifile.com
28442,danji100.com
28502,unisoc.com
28614,hisense.com
28621,dsers.com
28657,gold.org
28687,cnfol.com
28781,fscut.com
28836,appsimg.com
28911,tapdb.net
28951,caijing.com.cn
28964,hust.edu.cn
28979,mytokenpocket.vip
29002,xiaoman.cn
29003,canva.cn
29018,9game.cn
29072,pixai.art
29142,foundersc.com
29161,cjdropshipping.com
29179,qnydns.com
29186,voc.com.cn
29220,ictun.com
29239,sciencenet.cn
29379,juming.com
29427,gf.com.cn
29475,elong.com
29580,drivergenius.com
29640,cloud-button.com
29655,bjnews.com.cn
29667,tap4fun.com
29680,cn4e.com
29823,dns.pub
29895,szse.cn
29926,xycloud.com
29933,7m.com.cn
30055,dayoo.com
30092,my-imcloud.com
30160,time.edu.cn
30203,bit.edu.cn
30223,tcylgslb.com
30254,elexapp.com
30298,enorth.com.cn
30319,alicloudapi.com
30370,wetv.vip
30387,canva-apps.cn
30435,pingan.com.cn
30450,263.net
30475,pcpop.com
30524,gizwits.com
30594,jovcloud.com
30616,zol.com
30640,shine.cn
30650,asus.com.cn
30664,offcn.com
30689,yiche.com
30751,huorong.cn
30850,tencentcs.com
30872,myzone.cn
30912,guancha.cn
31068,coolacloud.com
31091,gotokeep.com
31112,futunn.com
31124,cqvip.com
31171,seu.edu.cn
31177,togothermany.cn
31232,bigwww.com
31444,weser-kurier.de
31486,ejoy.com
31621,123pan.com
31674,keepcdn.com
31737,stdaily.com
31742,tap4hub.com
31802,yn.gov.cn
31834,p2pengine.net
31836,dahe.cn
31845,docin.com
31864,mct.gov.cn
31898,amazonaws.cn
32135,ip.cn
32141,toocle.com
32186,jinritemai.com
32265,ke.com
32306,downkuai.com
32312,pgyer.com
32337,weixin.com
32345,xinnet.com
32366,ezviz.com
32379,2345.cc
32387,cdnsvc.com
32396,vzan.com
32417,ly.com
32496,ecnu.edu.cn
32501,mobvista.com
32598,163yun.com
32711,nio.com
32825,ku6.com
32827,ceair.com
32829,hnjing.com
32847,xicp.net
32863,zzidc.com
32899,renfei.net
33026,todesk.com
33059,abupdate.com
33108,jiangxi.gov.cn
33119,iciba.com
33304,66law.cn
33435,wjx.top
33469,metinfo.cn
33483,discuz.vip
33522,kingsoft.com
33563,zengslb.com
33580,hit.edu.cn
33589,quickconnect.cn
33592,mbalib.com
33711,noveltoon.mobi
33727,capitalonline.net
33732,xaonline.com
33741,scut.edu.cn
33788,qiku.com
33791,hoopchina.com.cn
33799,onlinedown.net
33800,udesk.cn
33871,kalay.net.cn
33923,sinasws.com
33958,flyme.cn
33995,vmall.com
34053,99.com
34141,sdo.com
34168,myzaker.com
34222,tjnu.edu.cn
34315,gxzf.gov.cn
34321,znds.com
34508,gnway.com
34509,nwpu.edu.cn
34647,transsion.com
34672,prnasia.com
34742,chillyroom.com
34762,yovole.com
34927,cqnews.net
34942,zdic.net
34957,baidu.cn
35059,ycwb.com
35161,moji.com
35227,diditaxi.com.cn
35253,tju.edu.cn
35277,gansu.gov.cn
35283,cssn.cn
35299,wechatpay.cn
35306,g.cn
35313,jlu.edu.cn
35360,mobvoi.com
35448,hetangsmart.com
35535,ijinshan.com
35548,ttlock.com
35579,stcn.com
35587,chemnet.com
35624,jl.gov.cn
35667,elecfans.com
35793,hbtele.com
35855,139.com
35897,www.net.cn
35944,nankai.edu.cn
36047,gtm-a4b8.com
36053,17u.cn
36105,mot.gov.cn
36140,dxy.cn
36181,dongqiudi.com
36235,anjuke.com
36250,cau.edu.cn
36278,sl916.com
36286,psbc.com
36330,networkbench.com
36417,chem17.com
36446,wegame.com.cn
36469,coremail.cn
36546,yuewen.com
36562,huxiu.com
36635,ecitic.com
36648,qwps.com
36765,cs.com.cn
36807,seabroadnet.com
36909,sohucs.com
36912,heytap.com
36943,moyoung.com
36972,haloapps.com
37040,qcc.com
37095,adups.cn
37118,sensorsdata.cn
37217,mwr.gov.cn
37234,uyunad.com
37299,i4.cn
37363,sagigames.top
37370,edong.com
37440,bizcn.com
37516,forevernine.com
37521,p6sai.com
37536,ifengimg.com
37605,flash.cn
37637,mercedes-benz.com.cn
37675,nubia.com
37697,szgla.com
37732,cnki.com.cn
37771,gwadar.cn
37780,jschina.com.cn
37829,imooc.com
37888,jianguoyun.com
37967,pinkfong.cn
38001,oeeee.com
38019,haodf.com
38051,szwego.com
38131,novaicare.com
38170,china169.cn
38246,szhot.com
38260,wdfangyi.com
38287,mnr.gov.cn
38290,shanghairanking.com
38305,bitauto.com
38326,blackshark.com
38362,migu.cn
38385,95516.com
38389,rivergame.net
38413,hpplay.com.cn
38463,139y.com
38480,av380.cn
38492,xiami.com
38505,faceunity.com
38625,yunzhan365.com
38671,udache.com
38672,qunarzz.com
38684,maxthon.cn
38702,lilithcdn.com
38741,dahuap2p.com
38765,iidns.com
38781,advlion.com
38828,cloud-links.net
38851,elex-tech.net
38882,nuomi.com
38888,ireader.com
38927,babytree.com
39045,dfcfw.com
39091,cdn300.cn
39130,fuqiangame.com
39142,oceanengine.com
39158,buaa.edu.cn
39201,w3school.com.cn
39211,flashjoin.net
39229,zhongsou.com
39366,happyelements.cn
39374,chinahr.com
39381,gxnews.com.cn
39388,checkpoint.com.cn
39436,scol.com.cn
39454,googlesyndication-cn.com
39516,wenjuan.com
39519,czxixi.com
39540,autonat.com
39598,updrv.com
39762,ihuman.com
39847,wesingapp.com
39870,1111913.com
39930,technews.tw
39945,hshh.org
40000,dwz.cn
40014,hubcloud.com.cn
40020,diytrade.com
40069,qingcdn.com
40181,qunliao.info
40258,stockstar.com
40282,qianlima.com
40317,kinemasters.com
40329,xfyun.cn
40552,xywy.com
40560,iconfont.cn
40579,chinaacc.com
40722,goolink.org
40727,iflytek.com
40780,levect.com
40782,goofish.com
40890,tvmao.com
40943,hortorgames.com
41064,beizi.biz
41151,35.com
41163,nuaa.edu.cn
41176,wo.com.cn
41177,ryjer.com
41179,qiyukf.com
41182,airasia.cn
41463,xhby.net
41535,pchome.net
41578,fjsen.com
41610,hexin.cn
41619,vipgslb.com
41664,cqttech.com
41759,360kan.com
41798,gree.com
41815,coolkit.cn
41824,yunxinfw.com
41833,yeah.net
41857,inmobi.cn
41885,workercn.cn
41936,aizhan.com
42064,3.cn
42209,chinacache.net
42236,nvdvr.cn
42260,b23.tv
42272,52pojie.cn
42311,sellersprite.com
42320,tamaegis.com
42327,biddingx.com
42374,nga.cn
42390,dualopen.com
42458,loveballs.club
42464,cup.com.cn
42655,pinduoduo.net
42664,wosign.com
42680,gitee.io
42700,qianzhan.com
42717,seewo.com
42825,lanzoui.com
42930,cscse.edu.cn
42942,taptap.cn
42982,mapbar.com
42988,hangzhou.com.cn
43054,douyucdn2.cn
43055,wangsu.com
43135,10m.com.cn
43137,cf-ns.net
43201,foodmate.net
43224,fliggy.com
43308,cloudseeplus.com
43311,jftechws.com
43426,tcljd.com
43645,lechange.cn
43661,leju.com
43748,sohu.com.cn
43755,dahuap2pcloud.com
43763,ute-tech.com.cn
43767,sogo.com
43808,alisoft.com
43856,momocdn.com
43941,jiameng.com
44039,infinitynewtab.com
44109,officeplus.cn
44114,visaforchina.cn
44123,gz.gov.cn
44205,xiaodutv.com
44222,mathpool.cn
44229,ahameet.com
44384,cantonfair.org.cn
44431,phome.net
44437,yunxindns.com
44461,wanmei.com
44562,shanxi.gov.cn
44626,cqu.edu.cn
44635,chinacdc.cn
44639,eccdnx.com
45398,manhuaren.com
45422,jiayuan.com
45428,huazhu.com
45431,190.vip
45433,qiumibao.com
45560,kdzn.top
45592,zuoyebang.cc
45646,icourse163.org
45647,kwaishop.com
45688,damddos.com
45716,zimgs.cn
45779,irs03.com
45797,aqara.cn
45854,co188.com
45877,antutu.com
45949,flyingvoice.net
45964,novelfm.com
46024,qcloudcjgj.com
46037,ad-plus.cn
46038,galaxyappstore.com
46095,bendibao.com
46103,dangbei.com
46248,dxmpay.com
46257,starrydyn.com
46322,acfun.cn
46338,advmob.cn
46399,jc001.cn
46487,feelgood.cn
46505,anhuinews.com
46556,faidns.com
46602,titan007.com
46636,nbd.com.cn
46671,bfsu.edu.cn
46682,qingting.fm
46713,dida365.com
46794,vicoo.tech
46846,yangshipin.cn
46862,189cube.com
46981,yingjiesheng.com
47031,ndns.cn
47067,pc6.com
47104,18183.com
47110,sharepoint.cn
47140,miyoushe.com
47149,szhxws.com
47219,lscreenc.com
47251,chiphell.com
47383,jnu.edu.cn
47417,mobileanjian.com
47430,japps.cn
47438,dnspai.com
47478,smartisan.com
47525,xgimi.com
47545,ecowitt.net
47632,artron.net
47663,blued.cn
47739,dayunlinks.cn
47821,adidas.com.cn
47903,d.cn
47907,lebo.cn
47998,desdev.cn
48052,111com.net
48077,ticp.io
48142,huangye88.com
48168,multiopen.cn
48190,uhabo.com
48232,elemecdn.com
48336,duokan.com
48357,pharmnet.com.cn
48378,pplive.com
48379,picoxr.com
48571,shopeesz.com
48600,hebnews.cn
48648,guizhou.gov.cn
48723,cloudflarecn.net
48764,hapsee.cn
48809,vnnox.com
48834,qtfm.cn
48876,thsi.cn
48986,wtfast.com
48994,vobao.com
49037,skycn.com
49043,apkevery.com
49136,360in.com
49265,admin5.com
49292,tingmall.com
49296,baofeng.com
49308,wejianzhan.com
49397,dahuasecurity.com
49426,scnu.edu.cn
49447,mop.com
49459,xintaicz.cn
49510,ninebot.com
49604,combway.com
49644,mokahr.com
49661,shucdn.com
49685,pdfxd.com
49768,ccnu.edu.cn
49778,shanhutech.cn
49863,applinzi.com
49875,dianxiaomi.com
49888,ppstream.com
49966,duolingo.cn
49975,hlj.gov.cn
50003,ccs.com.cn
50008,cctv.cn
50030,quickapp.cn
50041,xbase.cloud
50053,x431.com
50107,duxiaomanfintech.com
50122,gxnu.edu.cn
50191,dingtalkapps.com
50206,chinaunicom.com
50254,bmlink.com
50349,11222.cn
50469,5read.com
50474,chinabyte.com
50522,vicp.cc
50564,5118.com
50585,processon.com
50622,orvibo.com
50743,baixing.com
50861,meipai.com
50865,jin10.com
50906,gome.com.cn
50921,cl2009.com
50957,billowlink.com
51014,hapseemate.cn
51091,apeuni.com
51189,cli.im
51323,xlink.cn
51334,taptap.com
51419,officewebapps.cn
51442,xiumi.us
51448,lianjia.com
51552,cip.cc
51562,haier.net
51563,szbdyd.com
51647,jxnews.com.cn
51802,umeye.com
51811,izuiyou.com
51834,xiaoheihe.cn
51895,idc1.cn
51906,yungengxin.com
51957,cubetvfun.com
51993,vipshop.com
52018,jia.com
52032,zbisq.com
52045,bitbrowser.cn
52162,ecjtu.jx.cn
52218,hellobike.com
52241,u-tools.cn
52301,paypal.cn
52319,laohu8.com
52400,nppa.gov.cn
52410,b2b168.com
52458,kujiale.com
52589,hinews.cn
52660,tvfuwu.com
52683,gridsumdissector.com
52850,qishui.com
52871,j2t.online
52909,meipian.cn
52930,bolead.com
52942,gaoding.com
52951,shenshiads.com
53069,ustb.edu.cn
53072,9ddm.com
53093,makepolo.com
53107,windowsazure.cn
53117,ns365.net
53119,faiusr.com
53120,worldoftanks.cn
53132,oasgames.com
53331,wandoujia.com
53338,libii.com
53420,findlaw.cn
53586,datacaciques.com
53624,nobblun.net
53716,nowcoder.com
53729,seowhy.com
53756,mojichina.com
53761,fanqienovel.com
53771,hubstudio.vip
53775,yunnan.cn
53793,lawtime.cn
53809,hunantv.com
53939,doc88.com
54036,66.cn
54059,v5tv.com
54076,donews.com
54103,zhibo8.cc
54145,cjn.cn
54171,jfdaily.com
54203,zjnetcom.com
54245,kuyun.com
54288,infzm.com
54291,mobileztgame.com
54338,300hu.com
54341,gtm-a4b5.com
54711,lei001.com
54757,microfun.com
54785,txzing.com
54843,www.edu.cn
54929,gc.com.cn
54959,haowu.link
55143,trademessenger.com
55196,hisupplier.com
55341,nowodds.com
55536,m5stack.com
55544,yqkk.link
55602,hujiang.com
55687,jmu.edu.cn
55709,yjbys.com
55740,tanjingpaas.com
55759,adminbuy.cn
55760,meiyan.com
55819,9you.com
56073,jstv.com
56076,dongchedi.com
56101,cankaoxiaoxi.com
56215,geilicdn.com
56222,cnmo.com
56240,foxitsoftware.cn
56265,eyugame.com
56272,koolearn.com
56402,321fenx.com
56443,zhuanzfx.com
56477,laiqukankan.com
56478,kancloud.cn
56525,cncn.com
56561,duokanbox.com
56615,iresearch.cn
56725,lhzl666.com
56745,lixiang.com
56893,nipic.com
56965,sspai.com
57003,admaster.com.cn
57036,jdpay.com
57167,fengniao.com
57177,shobserver.com
57180,icamra.com
57211,hangzhou.gov.cn
57218,yuntrack.com
57321,frdic.com
57526,mabangerp.com
57583,1905.com
57602,zongheng.com
57681,sdjnptt.net.cn
57694,cmschina.com
57738,rayli.com.cn
57745,szu.edu.cn
57765,lenzmx.com
57819,ksyunad.com
57827,shu.edu.cn
57836,ccgslb.com.cn
57871,99.com.cn
57924,openresty.org
58107,hsw.cn
58177,stwx.net
58277,ourplay.com.cn
58279,nowscore.com
58324,yodao.net
58402,pc.com.cn
58527,hudong.com
58568,cmbimg.com
58653,gasgoo.com
58654,glnet.edu.cn
58655,familydoctor.com.cn
58736,sigmob.com
58752,woniu.com
58753,pubyun.com
58826,wankr.com.cn
59025,loveota.com
59060,onething.net
59078,zhibo8.com
59110,zhangyue.com
59121,eeo.cn
59232,geiwohuo.com
59340,duapp.com
59353,che168.com
59396,hebei.com.cn
59437,ipinyou.com
59446,traneasy.com.cn
59471,mcmod.cn
59475,coros.com
59716,cast.org.cn
59766,qingdaonews.com
59885,taiwan.cn
59921,zto.com
59929,0088dns.com
60013,apuscn.com
60033,qiyi.com
60041,weianzhuo.cn
60082,admobile.top
60175,365chiji.com
60184,kaixinkan.com.cn
60195,techweb.com.cn
60456,cz88.net
60546,265.com
60586,birpagi.cn
60777,wedobest.com.cn
60814,duitang.com
60833,nlc.cn
60873,hae123.cn
60966,justeasy.cn
60993,huatu.com
61061,cztv.com
61192,alipan.com
61291,ecust.edu.cn
61313,leiting.com
61322,manmanbuy.com
61422,myviewcloud.com
61440,ltd.com
61502,qyer.com
61601,58pic.com
61620,urovo.com
61700,mituo.cn
61755,xyx.wiki
61776,xinjiang.gov.cn
61845,ihuaben.com
61872,shangdu.com
61885,oppofind.com
61932,rising.com.cn
61942,x-mol.com
62018,crsky.com
62072,92fb.com
62076,tuniu.com
62146,foxmail.com
62167,huidu.cn
62370,ichano.cn
62474,suzhou.gov.cn
62630,spic.com.cn
62640,shisu.edu.cn
62718,dipns.com
62724,cctvpic.com
62735,tencent.cn
62746,51.com
62772,appchizi.com
62846,dg.gov.cn
62977,coolapk.com
63042,233leyuan.com
63123,17ex.com
63260,cheshi.com
63292,xiniu.com
63439,gongkong.com
63449,prismaaccess.cn
63461,uisdc.com
63462,zibll.com
63523,gchao.com
63551,picovr.com
63595,xiachufang.com
63799,w7.cc
63810,wondershare.cn
63862,madnow.net
63964,cumm.com
63982,bejson.com
64147,gznu.edu.cn
64189,xz.com
64219,tx163.com
64220,njau.edu.cn
64273,petalmail.com
64312,aispeech.com
64350,dnsv5.net
64376,gzidc.com
64437,cheaa.com
64620,xiaoyi.com.tw
64681,yunaq.com
64726,21jingji.com
64820,myoas.com
64968,sobot.com
64988,sunborngame.com
65004,zoom.com.cn
65107,tapd.cn
65137,expreview.com
65149,swjtu.edu.cn
65193,kqw.com
65276,neusoft.edu.cn
65305,ncss.cn
65307,cls.cn
65322,leiphone.com
65346,cuc.edu.cn
65384,nen.com.cn
65547,leetcode-cn.com
65634,uri6.com
65648,91.com
65817,qingdao.gov.cn
65863,jagat.cn
65960,ccidnet.com
65988,51sole.com
65993,cqcb.com
66132,ctfile.com
66137,cnnic.net.cn
66222,lagou.com
66243,sanguosha.com
66258,sfacg.com
66628,huajiao.com
66709,camera360.com
66825,9917.com
66844,k618.cn
66861,699pic.com
67044,solaxcloud.com
67096,mting.info
67232,nbjoy.com
67250,zhenbs.com
67546,voovmeeting.com
67674,alipay-eco.com
67735,yhd.com
67786,tpddns.cn
67811,magictavern.com
67931,bytexns.com
68032,modao.cc
68120,taobaocdn.com
68197,chinaidcnet.com
68409,xitek.com
68414,51pinzhi.cn
68596,moonton.com
68767,whut.edu.cn
68785,chemicalbook.com
68919,chinaunicom.com.cn
68977,seeyouyima.com
69066,xunlei.net
69068,zust.edu.cn
69216,ch.com
69263,tool.lu
69366,qweather.com
69370,kuso.xyz
69483,cssmoban.com
69519,52tt.com
69541,50cdn.com
69596,damai.cn
69751,smartedu.cn
69758,xdf.cn
69822,so0912.com
69826,speedtest.cn
69860,bokecc.com
69872,yangtse.com
69944,bioon.com
69949,qcplay.com
69985,enet.com.cn
70023,athm.cn
70069,picc.com.cn
70139,guahao.com
70180,yeelight.com
70253,cngold.org
70400,gigaset.com
70624,mini1.cn
70655,ihep.ac.cn
70660,cnwest.com
70708,flyme.com
70788,csjplatform.com
70910,gongchang.com
71161,eeo.com.cn
71192,atvsip.net
71349,ztedevices.com
71350,vpser.net
71388,51.net
71537,hefei.gov.cn
71587,dcloud.io
71593,120ask.com
71628,seabirdgames.com
71702,goho.co
71791,dahuatech.com
71815,maigoo.com
71859,25pp.com
71864,e23.cn
72018,8hy.cn
72147,cleargrass.com
72212,ebrun.com
72277,dict.cn
72337,bilibiligame.net
72633,twinkvideos.com
72733,didialift.com
72858,nbip.com
72887,buct.edu.cn
73033,weimob.com
73155,baidu-int.com
73163,chinairn.com
73479,zhihuishu.com
73589,priceshoes.com
73879,gffunds.com.cn
73945,17k.com
74263,mnw.cn
74266,bmw.com.cn
74282,bjtu.edu.cn
74395,upc.edu.cn
74427,keke.cn
74439,s169.net
74451,lbesec.com
74626,ngabbs.com
74658,askci.com
74708,iqoo.com
74760,everychina.com
74762,faisys.com
74847,fzu.edu.cn
75013,joypac.cn
75215,cebpubservice.com
75295,uibe.edu.cn
75545,gfbzb.gov.cn
75797,herogame.com
75886,gmdaily.cn
75905,talkingdata.com
75955,i5.cn
75977,jusonsmart.com
76018,fenxi.com
76073,xygala.com
76149,semi.org
76155,opposhop.cn
76168,libii.cn
76399,dongyun.biz
76406,vipkid.com.cn
76409,cstnet.cn
76503,cae.cn
76540,track123.com
76574,anchnet.com
76577,cumt.edu.cn
76585,tgbus.com
77017,7k7k.com
77033,websiteonline.cn
77043,ntesmail.com
77061,xizang.gov.cn
77256,kkmh.com
77381,800best.com
77482,farmer.com.cn
77496,wallstreetcn.com
77542,redstone.net.cn
77555,xuetangx.com
77694,hoopchina.com
77801,fkzf.com
77942,guokr.com
78362,eyewind.cn
78442,aoscdn.com
78499,hdu.edu.cn
78506,saxyit.com
78533,xiaopeng.com
78604,chinanetsun.com
78605,sourl.cn
78615,qg.net
78667,zlongame.com
78697,book118.com
78752,crlocsp.cn
78776,lb-link.cn
78913,sz3dp.com
79140,gnvip.net
79174,btime.com
79247,sinacloud.net
79385,the9.com
79434,cnnb.com.cn
79448,52songshu.com
79817,jinmi.com
79843,liebao.cn
79918,hnair.com
79937,alibabachengdun.net
80005,qlwb.com.cn
80032,ccwin.cn
80052,cpic.com.cn
80089,xunkids.com
80210,baishancloud.com
80236,zoho.com.cn
80344,jinan.gov.cn
80378,apigwtencent.com
80444,tibet.cn
80458,93kq.com
80620,bclearning.top
80675,ncac.gov.cn
80728,chinaunix.net
80843,5173.com
80920,iteye.com
80950,leigod.com
81183,rtbasia.com
81184,qbb6.com
81280,cass.cn
81319,coding.net
81329,tratao.com
81331,zgzcw.com
81336,wezhan.cn
81350,easyworldbusiness.com
81393,xinhongru.com
81518,jc35.com
81801,qianjiayue.com
81824,guosen.com.cn
81855,cifnews.com
81909,pinggu.org
81925,vipsinaapp.com
82412,imeitools.com
82456,tongtool.com
82460,6.cn
82637,lusongsong.com
82747,eepw.com.cn
82791,verycd.com
82793,sdjzu.edu.cn
82983,yingxiong.com
83089,iwhop.cn
83125,hljtv.com
83148,64365.com
83208,1ting.com
83384,xitongzhijia.net
83487,ename.net
83567,lizhifm.com
83602,siteconfirm.com
83660,chinabidding.com.cn
83756,dewucdn.com
83771,simplecreator.net
83782,51wnl-cq.com
83892,tiancity.com
83917,yzu.edu.cn
83975,doglobal.net
84058,gg.com
84176,clouddream.net
84231,dofuncar.com
84353,chinaunicom.cn
84811,xcthings.com
84831,glodon.com
84917,tz1288.com
84956,in-en.com
85190,law-lib.com
85229,jjwxc.com
85306,jobui.com
85497,qihoo.com
85517,beijing2008.cn
85725,sciener.cn
86031,bounconser.cn
86137,lnd.com.cn
86147,wsbradio.com
86152,kongfz.com
86184,xm.gov.cn
86321,terra-master.com
87637,steamchina.com
87664,voiceads.cn
87680,joinf.com
87682,bjut.edu.cn
87706,51changdu.com
87712,faceu.mobi
87779,kuaizhan.com
87816,macsky.net
88044,f2ecdn.com
88155,tmtpost.com
88167,right.com.cn
88430,lanhuapp.com
88431,woozooo.com
88595,chsi.cn
88664,njupt.edu.cn
88698,cctv.com.cn
88706,gm-cdn.com
88830,houwei-tech.com
88837,chinagwy.org
88840,jj.cn
89101,dl.gov.cn
89344,dzsc.com
89365,webmasterhome.cn
89506,ifanr.com
89580,oppo.cn
89703,digod.com
89729,hypergryph.com
89867,suning.cn
89887,freeipc.com
89916,igetget.com
90018,woshipm.com
90096,vzan.cc
90297,ppsimg.com
90303,centanet.com
90451,gansudaily.com.cn
90462,mindray.com
90644,meitu-int.com
90720,to8to.com
90745,air-matters.com
90772,cofile.net
90798,changan.com.cn
90803,588ku.com
91036,fh21.com.cn
91220,yisu.com
91778,htsc.com
91788,cubetecn.com
92120,hbzhan.com
92209,allapp.link
92327,readnovel.com
92330,1234567.com.cn
92633,kankanews.com
92847,npmmirror.com
92854,ruijie.com.cn
92898,foxitreader.cn
92914,itellyou.cn
93107,xindong.com
93235,tyut.edu.cn
93307,okii.com
93314,letpub.com.cn
93409,bandao.cn
93411,zj.com
93427,track718.net
93549,meishichina.com
93572,maoyan.com
93591,clewm.net
93671,maka.im
93680,midway.run
93721,shovesoft.com
93862,e-freewifi.com
93906,szzntech.com
93930,cfw.cn
93967,hjenglish.com
94025,scau.edu.cn
94117,yiigle.com
94158,58cdn.com.cn
94268,jumei.com
94352,baofeng.net
94671,cbdtelecom.cn
94736,csg.cn
94754,chd.edu.cn
95609,ncss.org.cn
95619,googletraveladservices.com
95634,roglobal.com
95672,hubu.edu.cn
95755,pc51.com
95885,ujs.edu.cn
95951,ename.com
95952,zookingsoft.com
96024,dot.pub
96057,mafengwo.net
96058,2980.com
96108,upaiyun.com
96143,tusdk.com
96157,swu.edu.cn
96309,zhuanzhuan.com
96348,swjoy.com
96370,cnu.edu.cn
96375,trustutn.org
96376,mubu.com
96397,echatsoft.com
96403,zhizhuyx.com
96431,instrument.com.cn
96560,spb.gov.cn
96613,adorcam.com
96619,guazi.com
96623,china.cn
96729,xa.gov.cn
96780,dlszywz.com
96790,yiban.io
96834,qihu.com
96901,cdn.fun
96993,cntaiping.com
97019,cn86.cn
97086,nhsa.gov.cn
97130,wiz.cn
97139,365yg.com
97185,ho-wan.cn
97244,hf365.com
97456,youlesp.com
97523,esamsungchina.com.cn
97588,icfpa.cn
97642,focustodo.net
97679,soloknight.xyz
97722,iyiou.com
97814,trackingio.com
97855,newone.com.cn
97879,myhexin.com
97910,cafa.edu.cn
97912,shnu.edu.cn
98031,shanghaitech.edu.cn
98176,tydevice.com
98177,sxdaily.com.cn
98179,jcrb.com
98208,zuiqiangyingyu.net
98221,huodongxing.com
98281,lnk0.com
98293,hongxiu.com
98321,niu.com
98356,reachmax.cn
98379,zhiyuanit.com
98406,pps.tv
98529,jinghua.cn
98534,roche-diagnostics.cn
98617,dnsapi.cn
98634,kuaikanmanhua.com
98635,40017.cn
98658,xiaoe-tech.com
98676,bsimb.cn
98787,03k.org
98801,leadscloud.com
98856,youlishipin.com
98862,leicabiosystems.com
98973,12321.cn
99037,migolive.com
99348,tcloudfamily.com
99421,ldgslb.com
99425,yuanfudao.com
99463,xilu.com
99478,vipkid.com
99500,vphband.com
99542,ruiwen.com
99602,zjnu.edu.cn
99627,baihe.com
99639,cloudflareperf.com
99658,dhtalker.com
99703,baicizhan.com
99712,youzanyun.com
99739,wo.cn
99977,baishancdnx.cn
